Date,Timeguessr Day,Timeguessr Round,Year,City,Country,Michael Total Score,Michael Round Score,Michael Geography,Michael Geography Distance,Michael Time,Michael Time Distance,Sarah Total Score,Sarah Round Score,Sarah Geography,Sarah Geography Distance,Sarah Time,Sarah Time Distance
2025-03-20,658,1,,,,40428.0,,🟩🟩🟨,,🟩⬛⬛,,,,,,,
2025-03-20,658,2,,,,40428.0,,🟩🟩🟨,,🟩🟩🟩,,,,,,,
2025-03-20,658,3,,,,40428.0,,🟩⬛️⬛️,,🟩🟩🟨,,,,,,,
2025-03-20,658,4,,,,40428.0,,🟩🟩🟨,,🟩🟩🟨,,,,,,,
2025-03-20,658,5,,,,40428.0,,🟩🟩🟨,,⬛️⬛️⬛️,,,,,,,
2025-03-21,659,1,,,,33166.0,,🟩🟨⬛️,,⬛️⬛️⬛️,,31697.0,,🟩🟩🟨,,🟩⬛⬛,
2025-03-21,659,2,,,,33166.0,,⬛️⬛️⬛️,,🟩🟨⬛,,31697.0,,🟩🟩🟨,,⬛️⬛️⬛️,
2025-03-21,659,3,,,,33166.0,,🟩🟩🟨,,🟩⬛⬛,,31697.0,,🟩🟩🟨,,⬛️⬛️⬛️,
2025-03-21,659,4,,,,33166.0,,🟩⬛️⬛️,,🟩🟩🟨,,31697.0,,🟩🟩🟨,,🟩🟩🟨,
2025-03-21,659,5,,,,33166.0,,🟩🟩🟨,,🟩🟨⬛,,31697.0,,🟩🟩🟨,,⬛️⬛️⬛️,
2025-03-24,662,1,,,,37002.0,,🟩🟩🟨,,🟩⬛⬛,,38656.0,,🟩🟩🟨,,🟩🟩⬛,
2025-03-24,662,2,,,,37002.0,,🟩🟩🟨,,🟩🟩🟨,,38656.0,,🟩🟩🟨,,🟩🟨⬛,
2025-03-24,662,3,,,,37002.0,,🟩🟩🟨,,🟩⬛⬛,,38656.0,,🟩⬛️⬛️,,🟩🟩🟩,
2025-03-24,662,4,,,,37002.0,,⬛️⬛️⬛️,,🟩🟨⬛,,38656.0,,🟩⬛️⬛️,,🟩⬛⬛,
2025-03-24,662,5,,,,37002.0,,🟩⬛️⬛️,,🟩🟨⬛,,38656.0,,🟩⬛️⬛️,,🟨⬛️⬛️,
2025-03-25,663,1,,,,37725.0,,🟩🟩🟨,,🟩🟩🟨,,28060.0,,🟩🟩🟩,,🟩🟩🟨,
2025-03-25,663,2,,,,37725.0,,🟨⬛️⬛️,,🟩🟩🟨,,28060.0,,⬛️⬛️⬛️,,🟩🟩⬛,
2025-03-25,663,3,,,,37725.0,,⬛️⬛️⬛️,,🟩⬛⬛,,28060.0,,🟩🟩🟩,,🟩⬛⬛,
2025-03-25,663,4,,,,37725.0,,🟩🟨⬛️,,🟩🟩⬛,,28060.0,,⬛️⬛️⬛️,,🟩⬛⬛,
2025-03-25,663,5,,,,37725.0,,🟩🟩⬛️,,🟩🟩⬛,,28060.0,,⬛️⬛️⬛️,,🟨⬛️⬛️,
2025-03-26,664,1,,,,45237.0,,🟩🟩⬛️,,🟩🟩🟩,,36556.0,,🟩🟩🟨,,🟩⬛⬛,
2025-03-26,664,2,,,,45237.0,,🟩🟩🟨,,🟩🟩🟨,,36556.0,,🟩🟩🟨,,🟩🟨⬛,
2025-03-26,664,3,,,,45237.0,,🟩🟩🟨,,🟩🟨⬛,,36556.0,,🟩🟩🟨,,🟩🟩⬛,
2025-03-26,664,4,,,,45237.0,,🟩⬛️⬛️,,🟩🟩🟨,,36556.0,,🟨⬛️⬛️,,⬛️⬛️⬛️,
2025-03-26,664,5,,,,45237.0,,🟩🟩⬛️,,🟩🟨⬛,,36556.0,,🟩🟨⬛️,,🟩🟩🟨,
2025-03-28,666,1,,,,41848.0,,🟩🟩🟨,,🟩🟩🟩,,35956.0,,🟩🟨⬛️,,🟩🟩⬛,
2025-03-28,666,2,,,,41848.0,,⬛️⬛️⬛️,,🟩🟩🟩,,35956.0,,⬛️⬛️⬛️,,🟩🟩🟩,
2025-03-28,666,3,,,,41848.0,,🟩🟩🟨,,🟩🟩🟨,,35956.0,,🟩🟩🟨,,🟩🟨⬛,
2025-03-28,666,4,,,,41848.0,,🟩🟨⬛️,,🟩🟩🟩,,35956.0,,🟩🟨⬛️,,⬛️⬛️⬛️,
2025-03-28,666,5,,,,41848.0,,🟩🟩🟨,,🟩⬛⬛,,35956.0,,🟩⬛️⬛️,,🟩🟩🟨,
2025-03-31,669,1,,,,37264.0,,🟩🟩🟨,,🟩🟨⬛,,44265.0,,🟩🟩🟨,,🟩🟩🟨,
2025-03-31,669,2,,,,37264.0,,⬛️⬛️⬛️,,🟩🟩🟩,,44265.0,,🟩🟩🟨,,🟩🟩🟨,
2025-03-31,669,3,,,,37264.0,,🟩⬛️⬛️,,🟩🟨⬛,,44265.0,,🟩🟩🟨,,🟩🟩🟨,
2025-03-31,669,4,,,,37264.0,,🟩🟩🟨,,🟩⬛⬛,,44265.0,,🟩🟩🟨,,🟩🟨⬛,
2025-03-31,669,5,,,,37264.0,,🟩🟩🟨,,🟩🟨⬛,,44265.0,,🟩🟩🟨,,🟨⬛️⬛️,
2025-04-01,670,1,,,,42808.0,,🟩🟩🟨,,🟩🟩🟩,,27971.0,,⬛️⬛️⬛️,,🟩🟩🟩,
2025-04-01,670,2,,,,42808.0,,🟩⬛️⬛️,,🟩🟩⬛,,27971.0,,🟩⬛️⬛️,,⬛️⬛️⬛️,
2025-04-01,670,3,,,,42808.0,,🟩⬛️⬛️,,🟩🟩🟨,,27971.0,,🟨⬛️⬛️,,🟩🟩⬛,
2025-04-01,670,4,,,,42808.0,,🟩🟩🟨,,🟩⬛⬛,,27971.0,,🟨⬛️⬛️,,⬛️⬛️⬛️,
2025-04-01,670,5,,,,42808.0,,🟩⬛️⬛️,,🟩🟨⬛,,27971.0,,🟩🟨⬛️,,🟩🟩⬛,
2025-04-02,671,1,,,,41915.0,,🟩🟩🟨,,🟩🟩🟩,,44811.0,,🟩🟩🟨,,🟩🟩🟩,
2025-04-02,671,2,,,,41915.0,,🟩🟨⬛️,,🟩🟩🟨,,44811.0,,🟩🟨⬛️,,🟩🟩🟨,
2025-04-02,671,3,,,,41915.0,,🟩🟩🟨,,🟩🟨⬛,,44811.0,,🟩🟨⬛️,,🟩⬛⬛,
2025-04-02,671,4,,,,41915.0,,🟩🟩🟨,,🟩🟩⬛,,44811.0,,🟩🟩🟨,,🟩🟩🟨,
2025-04-02,671,5,,,,41915.0,,🟩⬛️⬛️,,🟨⬛️⬛️,,44811.0,,🟩⬛️⬛️,,🟩🟩🟩,
2025-04-03,672,1,,,,33097.0,,🟩🟩🟨,,🟩🟨⬛,,34145.0,,🟩🟩🟨,,🟩🟩⬛,
2025-04-03,672,2,,,,33097.0,,🟩⬛️⬛️,,🟩⬛⬛,,34145.0,,🟩⬛️⬛️,,🟩⬛⬛,
2025-04-03,672,3,,,,33097.0,,🟩🟩🟨,,🟩🟩🟩,,34145.0,,🟩🟩🟨,,🟩🟩🟩,
2025-04-03,672,4,,,,33097.0,,🟨⬛️⬛️,,🟨⬛️⬛️,,34145.0,,🟨⬛️⬛️,,🟩⬛⬛,
2025-04-03,672,5,,,,33097.0,,⬛️⬛️⬛️,,🟩🟨⬛,,34145.0,,⬛️⬛️⬛️,,🟩🟨⬛,
2025-04-04,673,1,,,,42393.0,,🟩🟩🟨,,🟩🟩🟨,,31302.0,,⬛️⬛️⬛️,,🟩🟩⬛,
2025-04-04,673,2,,,,42393.0,,🟩🟩🟨,,🟩⬛⬛,,31302.0,,🟩🟩🟨,,🟩🟨⬛,
2025-04-04,673,3,,,,42393.0,,🟩🟨⬛️,,🟩⬛⬛,,31302.0,,🟩🟨⬛️,,⬛️⬛️⬛️,
2025-04-04,673,4,,,,42393.0,,🟩🟩🟨,,🟩🟩🟨,,31302.0,,🟩🟩🟨,,🟩🟩🟨,
2025-04-04,673,5,,,,42393.0,,🟩🟩🟨,,🟩🟩⬛,,31302.0,,⬛️⬛️⬛️,,🟩🟨⬛,
2025-04-07,676,1,,,,40969.0,,🟩⬛️⬛️,,🟩🟩🟨,,40464.0,,⬛️⬛️⬛️,,🟩🟨⬛,
2025-04-07,676,2,,,,40969.0,,🟩🟩🟨,,🟩🟩⬛,,40464.0,,🟩🟩🟨,,🟩🟨⬛,
2025-04-07,676,3,,,,40969.0,,🟩⬛️⬛️,,🟩🟨⬛,,40464.0,,🟩🟩🟨,,🟩🟩🟩,
2025-04-07,676,4,,,,40969.0,,🟩⬛️⬛️,,🟩🟩🟩,,40464.0,,🟩⬛️⬛️,,🟩🟩🟩,
2025-04-07,676,5,,,,40969.0,,🟩🟩🟨,,🟩⬛⬛,,40464.0,,🟩🟩🟨,,🟩🟩⬛,
2025-04-08,677,1,,,,37211.0,,🟩🟩🟨,,🟩🟩⬛,,37462.0,,🟩🟩🟩,,🟩🟨⬛,
2025-04-08,677,2,,,,37211.0,,🟩🟩🟨,,🟩🟩🟩,,37462.0,,🟩⬛️⬛️,,🟩🟩🟨,
2025-04-08,677,3,,,,37211.0,,🟩🟩🟨,,🟩⬛⬛,,37462.0,,🟩🟩🟨,,🟩🟩🟨,
2025-04-08,677,4,,,,37211.0,,🟩⬛️⬛️,,🟩🟨⬛,,37462.0,,⬛️⬛️⬛️,,🟨⬛️⬛️,
2025-04-08,677,5,,,,37211.0,,⬛️⬛️⬛️,,🟩⬛⬛,,37462.0,,🟩🟩⬛️,,🟩🟨⬛,
2025-04-09,678,1,,,,38684.0,,🟩🟩🟩,,⬛️⬛️⬛️,,36363.0,,🟩🟩🟨,,🟩⬛⬛,
2025-04-09,678,2,,,,38684.0,,🟩⬛️⬛️,,🟩🟩🟨,,36363.0,,🟨⬛️⬛️,,🟩🟩🟨,
2025-04-09,678,3,,,,38684.0,,🟩🟩🟨,,🟩🟩⬛,,36363.0,,🟩⬛️⬛️,,🟩🟩🟩,
2025-04-09,678,4,,,,38684.0,,🟩🟩🟨,,🟨⬛️⬛️,,36363.0,,🟩⬛️⬛️,,🟩🟩⬛,
2025-04-09,678,5,,,,38684.0,,🟩🟩🟨,,🟩🟩🟩,,36363.0,,🟩🟩🟨,,⬛️⬛️⬛️,
2025-04-10,679,1,,,,34633.0,,🟩🟩🟨,,🟨⬛️⬛️,,25034.0,,🟩🟩🟨,,🟨⬛️⬛️,
2025-04-10,679,2,,,,34633.0,,🟩🟩🟨,,🟩🟩⬛,,25034.0,,⬛️⬛️⬛️,,🟩⬛⬛,
2025-04-10,679,3,,,,34633.0,,🟩🟩🟨,,🟩🟩⬛,,25034.0,,🟩⬛️⬛️,,🟩⬛⬛,
2025-04-10,679,4,,,,34633.0,,🟩🟩🟨,,🟩🟩🟨,,25034.0,,🟩⬛️⬛️,,🟩🟨⬛,
2025-04-10,679,5,,,,34633.0,,⬛️⬛️⬛️,,⬛️⬛️⬛️,,25034.0,,⬛️⬛️⬛️,,⬛️⬛️⬛️,
2025-04-11,680,1,,,,38109.0,,🟩⬛️⬛️,,🟩🟨⬛,,36877.0,,🟩⬛️⬛️,,🟩⬛⬛,
2025-04-11,680,2,,,,38109.0,,🟩🟩🟩,,🟩🟩⬛,,36877.0,,🟩🟩🟩,,🟩🟩🟨,
2025-04-11,680,3,,,,38109.0,,🟩🟨⬛️,,🟩⬛⬛,,36877.0,,🟩🟩⬛️,,🟩⬛⬛,
2025-04-11,680,4,,,,38109.0,,🟨⬛️⬛️,,🟩🟨⬛,,36877.0,,🟨⬛️⬛️,,🟩🟨⬛,
2025-04-11,680,5,,,,38109.0,,🟩⬛️⬛️,,🟩🟩⬛,,36877.0,,🟩🟩🟨,,🟩⬛⬛,
2025-04-14,683,1,,,,34014.0,,🟨⬛️⬛️,,🟩🟨⬛,,32219.0,,🟩🟩🟨,,🟩🟨⬛,
2025-04-14,683,2,,,,34014.0,,🟨⬛️⬛️,,🟩⬛⬛,,32219.0,,🟩⬛️⬛️,,🟩🟩🟨,
2025-04-14,683,3,,,,34014.0,,🟩⬛️⬛️,,🟩🟩⬛,,32219.0,,🟩🟩🟨,,🟩🟩⬛,
2025-04-14,683,4,,,,34014.0,,🟩🟩🟨,,🟩🟨⬛,,32219.0,,🟩⬛️⬛️,,🟩⬛⬛,
2025-04-14,683,5,,,,34014.0,,⬛️⬛️⬛️,,🟩🟩🟨,,32219.0,,⬛️⬛️⬛️,,⬛️⬛️⬛️,
2025-04-15,684,1,,,,43270.0,,🟩⬛️⬛️,,🟩🟩⬛,,32983.0,,🟩⬛️⬛️,,⬛️⬛️⬛️,
2025-04-15,684,2,,,,43270.0,,🟩🟩🟨,,🟩🟩🟨,,32983.0,,🟩🟩🟨,,🟩🟨⬛,
2025-04-15,684,3,,,,43270.0,,🟩🟩🟨,,🟩🟩⬛,,32983.0,,🟩⬛️⬛️,,🟩🟩🟨,
2025-04-15,684,4,,,,43270.0,,🟩🟩🟨,,🟩🟩🟨,,32983.0,,🟩⬛️⬛️,,🟨⬛️⬛️,
2025-04-15,684,5,,,,43270.0,,🟩🟩🟨,,🟨⬛️⬛️,,32983.0,,🟩🟩🟨,,🟨⬛️⬛️,
2025-04-16,685,1,,,,36511.0,,🟨⬛️⬛️,,🟩🟩🟩,,42350.0,,🟩🟨⬛️,,🟩🟩🟩,
2025-04-16,685,2,,,,36511.0,,🟩🟩🟨,,🟩⬛⬛,,42350.0,,🟩🟩🟨,,🟩🟩⬛,
2025-04-16,685,3,,,,36511.0,,🟩🟩🟨,,🟩⬛⬛,,42350.0,,🟩⬛️⬛️,,🟩🟨⬛,
2025-04-16,685,4,,,,36511.0,,🟩⬛️⬛️,,🟩🟩🟩,,42350.0,,🟩⬛️⬛️,,🟩🟩🟩,
2025-04-16,685,5,,,,36511.0,,🟨⬛️⬛️,,🟩⬛⬛,,42350.0,,🟩⬛️⬛️,,🟩🟨⬛,
2025-04-17,686,1,,,,39292.0,,🟩🟩🟩,,🟩🟩🟨,,41028.0,,🟩🟩🟨,,🟩🟨⬛,
2025-04-17,686,2,,,,39292.0,,🟩🟩🟨,,🟩🟩🟩,,41028.0,,🟩🟩🟨,,🟩🟩⬛,
2025-04-17,686,3,,,,39292.0,,🟩🟨⬛️,,🟩⬛⬛,,41028.0,,🟩🟨⬛️,,🟩⬛⬛,
2025-04-17,686,4,,,,39292.0,,🟩🟩🟨,,🟩🟨⬛,,41028.0,,🟩🟩🟨,,🟩🟩⬛,
2025-04-17,686,5,,,,39292.0,,⬛️⬛️⬛️,,🟩🟩⬛,,41028.0,,🟨⬛️⬛️,,🟩🟨⬛,
2025-04-22,691,1,,,,42697.0,,⬛️⬛️⬛️,,🟩🟩🟩,,42808.0,,⬛️⬛️⬛️,,🟩🟩🟩,
2025-04-22,691,2,,,,42697.0,,🟩🟩🟨,,🟩🟨⬛,,42808.0,,🟩🟩🟨,,🟩🟩⬛,
2025-04-22,691,3,,,,42697.0,,🟩⬛️⬛️,,🟩🟩🟩,,42808.0,,🟩🟨⬛️,,🟩🟩🟨,
2025-04-22,691,4,,,,42697.0,,🟩⬛️⬛️,,🟩🟩⬛,,42808.0,,🟩🟩🟨,,🟩🟨⬛,
2025-04-22,691,5,,,,42697.0,,🟩🟩🟩,,🟩🟩🟨,,42808.0,,🟩🟩🟩,,🟩🟩🟨,
2025-04-23,692,1,,,,41018.0,,🟩🟨⬛️,,🟩🟩⬛,,28148.0,,🟩🟨⬛️,,🟨⬛️⬛️,
2025-04-23,692,2,,,,41018.0,,🟩🟨⬛️,,🟩🟩⬛,,28148.0,,⬛️⬛️⬛️,,🟩🟩🟨,
2025-04-23,692,3,,,,41018.0,,🟩🟩🟨,,⬛️⬛️⬛️,,28148.0,,⬛️⬛️⬛️,,⬛️⬛️⬛️,
2025-04-23,692,4,,,,41018.0,,🟩⬛️⬛️,,🟩🟩⬛,,28148.0,,🟩⬛️⬛️,,🟩⬛⬛,
2025-04-23,692,5,,,,41018.0,,🟩🟩🟨,,🟩🟩🟩,,28148.0,,🟩🟩🟩,,🟩🟩🟩,
2025-04-24,693,1,,,,40663.0,,🟩🟩🟩,,🟩🟩🟩,,,,,,,
2025-04-24,693,2,,,,40663.0,,🟩🟩🟩,,🟩🟩🟨,,,,,,,
2025-04-24,693,3,,,,40663.0,,🟩⬛️⬛️,,🟨⬛️⬛️,,,,,,,
2025-04-24,693,4,,,,40663.0,,🟩🟩🟨,,🟩🟩🟩,,,,,,,
2025-04-24,693,5,,,,40663.0,,🟩⬛️⬛️,,🟩⬛⬛,,,,,,,
2025-04-25,694,1,,,,37865.0,,🟩🟩🟨,,🟩🟩⬛,,32536.0,,🟩🟩🟩,,🟨⬛️⬛️,
2025-04-25,694,2,,,,37865.0,,🟩🟨⬛️,,🟩🟨⬛,,32536.0,,🟩🟨⬛️,,🟩⬛⬛,
2025-04-25,694,3,,,,37865.0,,🟩⬛️⬛️,,🟩⬛⬛,,32536.0,,🟨⬛️⬛️,,🟩⬛⬛,
2025-04-25,694,4,,,,37865.0,,🟩🟨⬛️,,🟩🟨⬛,,32536.0,,🟩⬛️⬛️,,🟩⬛⬛,
2025-04-25,694,5,,,,37865.0,,🟩🟩🟩,,🟨⬛️⬛️,,32536.0,,🟩🟩🟨,,🟩🟨⬛,
2025-04-28,697,1,,,,38737.0,,🟨⬛️⬛️,,🟩🟩⬛,,33856.0,,🟩⬛️⬛️,,🟩🟩🟩,
2025-04-28,697,2,,,,38737.0,,🟨⬛️⬛️,,🟩⬛⬛,,33856.0,,⬛️⬛️⬛️,,🟩🟩⬛,
2025-04-28,697,3,,,,38737.0,,🟩🟩⬛️,,🟩🟩🟩,,33856.0,,⬛️⬛️⬛️,,🟩🟩🟩,
2025-04-28,697,4,,,,38737.0,,🟩🟨⬛️,,🟩🟩⬛,,33856.0,,🟩⬛️⬛️,,🟨⬛️⬛️,
2025-04-28,697,5,,,,38737.0,,🟨⬛️⬛️,,🟩🟩🟨,,33856.0,,🟨⬛️⬛️,,🟩🟩⬛,
2025-04-29,698,1,,,,40040.0,,🟨⬛️⬛️,,🟩🟩🟩,,35001.0,,🟨⬛️⬛️,,🟩🟩🟨,
2025-04-29,698,2,,,,40040.0,,🟩🟩🟨,,🟩🟨⬛,,35001.0,,🟩🟨⬛️,,🟩🟩🟨,
2025-04-29,698,3,,,,40040.0,,🟩🟩🟨,,🟩🟨⬛,,35001.0,,🟩🟩🟨,,🟩⬛⬛,
2025-04-29,698,4,,,,40040.0,,🟩🟩🟨,,🟨⬛️⬛️,,35001.0,,🟩🟩🟨,,🟨⬛️⬛️,
2025-04-29,698,5,,,,40040.0,,🟩🟩⬛️,,🟩🟩⬛,,35001.0,,⬛️⬛️⬛️,,🟩🟩⬛,
2025-04-30,699,1,,,,42332.0,,🟩🟩🟨,,🟩🟨⬛,,,,,,,
2025-04-30,699,2,,,,42332.0,,🟩🟩🟩,,🟩⬛⬛,,,,,,,
2025-04-30,699,3,,,,42332.0,,🟩🟩🟨,,🟩🟩🟨,,,,,,,
2025-04-30,699,4,,,,42332.0,,🟨⬛️⬛️,,🟩🟩🟩,,,,,,,
2025-04-30,699,5,,,,42332.0,,🟩🟨⬛️,,🟩🟩🟨,,,,,,,
2025-05-02,701,1,,,,38551.0,,🟩🟩🟨,,🟩🟩🟨,,38719.0,,⬛️⬛️⬛️,,🟩🟩🟨,
2025-05-02,701,2,,,,38551.0,,🟩🟩🟨,,🟩⬛⬛,,38719.0,,⬛️⬛️⬛️,,🟩🟩🟩,
2025-05-02,701,3,,,,38551.0,,🟩⬛️⬛️,,🟩🟨⬛,,38719.0,,🟩⬛️⬛️,,🟩🟨⬛,
2025-05-02,701,4,,,,38551.0,,🟩⬛️⬛️,,🟩🟩🟨,,38719.0,,🟩🟩🟨,,🟩🟨⬛,
2025-05-02,701,5,,,,38551.0,,🟩🟩🟨,,⬛️⬛️⬛️,,38719.0,,🟩🟩🟩,,🟩🟩🟨,
2025-05-13,712,1,,,,48829.0,,🟩🟩🟩,,🟩🟩🟩,,36799.0,,🟩🟩🟩,,🟩🟩⬛,
2025-05-13,712,2,,,,48829.0,,🟩🟨⬛️,,🟩🟩🟨,,36799.0,,🟩🟨⬛️,,🟩🟩🟨,
2025-05-13,712,3,,,,48829.0,,🟩🟩🟨,,🟩🟩🟩,,36799.0,,🟩🟩🟨,,🟩⬛⬛,
2025-05-13,712,4,,,,48829.0,,🟩🟩🟩,,🟩🟩🟨,,36799.0,,⬛️⬛️⬛️,,🟩🟩⬛,
2025-05-13,712,5,,,,48829.0,,🟩🟩🟨,,🟩🟩🟩,,36799.0,,🟩⬛️⬛️,,⬛️⬛️⬛️,
2025-05-14,713,1,,,,40571.0,,🟩🟨⬛️,,🟩⬛⬛,,26423.0,,🟩🟨⬛️,,🟨⬛️⬛️,
2025-05-14,713,2,,,,40571.0,,🟩🟩⬛️,,🟩🟩🟩,,26423.0,,🟩🟩🟨,,🟩🟩⬛,
2025-05-14,713,3,,,,40571.0,,🟩🟩🟨,,🟩⬛⬛,,26423.0,,⬛️⬛️⬛️,,🟩⬛⬛,
2025-05-14,713,4,,,,40571.0,,🟩⬛️⬛️,,🟩🟩⬛,,26423.0,,🟩⬛️⬛️,,🟩🟨⬛,
2025-05-14,713,5,,,,40571.0,,🟩⬛️⬛️,,🟩🟨⬛,,26423.0,,⬛️⬛️⬛️,,⬛️⬛️⬛️,
2025-05-15,714,1,,,,34781.0,,🟩🟨⬛️,,🟩🟩🟨,,30013.0,,🟩🟩🟨,,🟩🟩🟨,
2025-05-15,714,2,,,,34781.0,,🟩🟩🟩,,🟨⬛️⬛️,,30013.0,,🟩⬛️⬛️,,🟩⬛⬛,
2025-05-15,714,3,,,,34781.0,,🟩⬛️⬛️,,⬛️⬛️⬛️,,30013.0,,🟩⬛️⬛️,,⬛️⬛️⬛️,
2025-05-15,714,4,,,,34781.0,,🟩🟩🟨,,🟩🟩🟩,,30013.0,,🟨⬛️⬛️,,🟩🟩🟨,
2025-05-15,714,5,,,,34781.0,,⬛️⬛️⬛️,,🟩🟩🟩,,30013.0,,⬛️⬛️⬛️,,🟨⬛️⬛️,
2025-05-16,715,1,,,,38701.0,,🟩🟩🟨,,🟩🟩🟨,,31758.0,,🟩🟩🟨,,🟩🟨⬛,
2025-05-16,715,2,,,,38701.0,,⬛️⬛️⬛️,,🟩🟨⬛,,31758.0,,⬛️⬛️⬛️,,🟩🟨⬛,
2025-05-16,715,3,,,,38701.0,,🟩🟩🟨,,🟩🟩🟨,,31758.0,,🟩🟩🟨,,🟨⬛️⬛️,
2025-05-16,715,4,,,,38701.0,,🟨⬛️⬛️,,🟩🟨⬛,,31758.0,,🟨⬛️⬛️,,🟨⬛️⬛️,
2025-05-16,715,5,,,,38701.0,,🟩🟩🟨,,🟩🟨⬛,,31758.0,,🟩🟩🟨,,🟩🟩🟨,
2025-05-19,718,1,,,,35857.0,,🟩🟩🟩,,🟩🟩🟨,,39001.0,,⬛️⬛️⬛️,,🟩🟩🟩,
2025-05-19,718,2,,,,35857.0,,⬛️⬛️⬛️,,🟩🟩⬛,,39001.0,,⬛️⬛️⬛️,,🟩🟩🟨,
2025-05-19,718,3,,,,35857.0,,🟩🟩🟩,,🟩🟩⬛,,39001.0,,🟩🟩🟨,,🟩🟩⬛,
2025-05-19,718,4,,,,35857.0,,🟩🟩🟨,,⬛️⬛️⬛️,,39001.0,,🟩🟩🟨,,🟩🟩🟨,
2025-05-19,718,5,,,,35857.0,,🟩🟩🟩,,🟩⬛⬛,,39001.0,,🟩🟩🟩,,🟩🟩⬛,
2025-05-20,719,1,,,,35327.0,,🟩🟩🟨,,🟩🟩🟩,,35725.0,,🟩🟩🟩,,🟩🟩🟨,
2025-05-20,719,2,,,,35327.0,,🟩🟩🟨,,🟩⬛⬛,,35725.0,,🟩🟩🟨,,⬛️⬛️⬛️,
2025-05-20,719,3,,,,35327.0,,🟨⬛️⬛️,,🟩⬛⬛,,35725.0,,⬛️⬛️⬛️,,🟨⬛️⬛️,
2025-05-20,719,4,,,,35327.0,,🟩🟩🟨,,🟩⬛⬛,,35725.0,,🟩🟩🟨,,🟩🟩🟨,
2025-05-20,719,5,,,,35327.0,,🟩⬛️⬛️,,🟩⬛⬛,,35725.0,,🟩⬛️⬛️,,🟩🟩🟨,
2025-05-21,720,1,,,,39160.0,,🟩🟩🟩,,🟩🟩🟩,,35900.0,,⬛️⬛️⬛️,,🟩🟩🟩,
2025-05-21,720,2,,,,39160.0,,🟩🟩🟨,,🟩🟩🟨,,35900.0,,🟩🟩🟨,,🟩🟩🟨,
2025-05-21,720,3,,,,39160.0,,🟩⬛️⬛️,,🟩⬛⬛,,35900.0,,🟨⬛️⬛️,,🟩⬛⬛,
2025-05-21,720,4,,,,39160.0,,🟩🟩🟨,,🟨⬛️⬛️,,35900.0,,🟩🟩🟨,,🟩⬛⬛,
2025-05-21,720,5,,,,39160.0,,🟩🟩🟨,,🟩⬛⬛,,35900.0,,🟩🟩🟨,,🟩🟩🟨,
2025-05-22,721,1,,,,34330.0,,🟩🟩🟩,,🟩🟩🟩,,37371.0,,🟩🟩🟩,,🟩🟩🟩,
2025-05-22,721,2,,,,34330.0,,🟩⬛️⬛️,,⬛️⬛️⬛️,,37371.0,,🟩⬛️⬛️,,⬛️⬛️⬛️,
2025-05-22,721,3,,,,34330.0,,🟩🟨⬛️,,🟩🟨⬛,,37371.0,,🟩🟩🟨,,🟩⬛⬛,
2025-05-22,721,4,,,,34330.0,,🟩🟨⬛️,,⬛️⬛️⬛️,,37371.0,,🟩🟩🟨,,🟩🟨⬛,
2025-05-22,721,5,,,,34330.0,,🟩🟨⬛️,,🟩🟨⬛,,37371.0,,🟩🟩🟨,,🟩⬛⬛,
2025-05-23,722,1,,,,44407.0,,🟩🟩🟨,,🟩🟩🟩,,42506.0,,🟩🟩⬛️,,🟩🟩🟨,
2025-05-23,722,2,,,,44407.0,,🟩🟩⬛️,,🟩🟩🟩,,42506.0,,🟩🟩🟨,,🟩🟩🟩,
2025-05-23,722,3,,,,44407.0,,🟩🟩🟨,,🟩⬛⬛,,42506.0,,🟩🟩🟨,,🟩🟨⬛,
2025-05-23,722,4,,,,44407.0,,🟩🟩🟨,,🟩🟩🟨,,42506.0,,🟩🟩🟨,,🟩🟨⬛,
2025-05-23,722,5,,,,44407.0,,🟩⬛️⬛️,,🟩🟩⬛,,42506.0,,🟩⬛️⬛️,,🟩⬛⬛,
2025-05-27,726,1,,,,33463.0,,🟩🟩🟨,,🟩🟩🟩,,32549.0,,🟩🟩🟨,,🟩🟩🟩,
2025-05-27,726,2,,,,33463.0,,🟩🟩🟨,,🟩🟨⬛,,32549.0,,⬛️⬛️⬛️,,🟨⬛️⬛️,
2025-05-27,726,3,,,,33463.0,,⬛️⬛️⬛️,,🟩🟩🟨,,32549.0,,🟩🟩⬛️,,🟩🟩🟩,
2025-05-27,726,4,,,,33463.0,,🟩🟩🟨,,⬛️⬛️⬛️,,32549.0,,⬛️⬛️⬛️,,🟩🟩⬛,
2025-05-27,726,5,,,,33463.0,,🟨⬛️⬛️,,🟩⬛⬛,,32549.0,,🟨⬛️⬛️,,🟩⬛⬛,
2025-05-28,727,1,,,,48469.0,,🟩🟩🟩,,🟩🟩🟨,,47007.0,,🟩🟩🟨,,🟩🟩🟨,
2025-05-28,727,2,,,,48469.0,,🟩🟩🟨,,🟩🟩🟨,,47007.0,,🟩🟩🟨,,🟩🟩⬛,
2025-05-28,727,3,,,,48469.0,,🟩🟩🟨,,🟩🟩🟨,,47007.0,,🟩🟩🟨,,🟩🟨⬛,
2025-05-28,727,4,,,,48469.0,,🟩🟩🟩,,🟩🟩⬛,,47007.0,,🟩🟩🟩,,🟩🟩🟩,
2025-05-28,727,5,,,,48469.0,,🟩🟩🟨,,🟩🟩⬛,,47007.0,,🟩🟩🟨,,🟩🟩⬛,
2025-05-29,728,1,,,,41033.0,,🟩🟩🟨,,🟩🟨⬛,,43779.0,,🟩🟩🟨,,🟩🟩🟩,
2025-05-29,728,2,,,,41033.0,,🟩🟩🟨,,🟩🟩⬛,,43779.0,,🟩🟩🟨,,🟩⬛⬛,
2025-05-29,728,3,,,,41033.0,,🟩🟩🟨,,🟩🟩⬛,,43779.0,,🟩🟩🟨,,🟩🟩⬛,
2025-05-29,728,4,,,,41033.0,,🟩🟩🟩,,🟩🟨⬛,,43779.0,,🟩🟩🟨,,🟩🟨⬛,
2025-05-29,728,5,,,,41033.0,,🟩🟩🟨,,⬛️⬛️⬛️,,43779.0,,🟩🟩🟨,,🟩🟨⬛,
2025-05-30,729,1,,,,30138.0,,🟩🟩🟨,,⬛️⬛️⬛️,,29412.0,,🟨⬛️⬛️,,⬛️⬛️⬛️,
2025-05-30,729,2,,,,30138.0,,🟩🟩🟨,,🟩🟩⬛,,29412.0,,🟩🟩🟨,,🟩🟩⬛,
2025-05-30,729,3,,,,30138.0,,🟩🟩⬛️,,🟩⬛⬛,,29412.0,,🟩⬛️⬛️,,🟩🟩⬛,
2025-05-30,729,4,,,,30138.0,,🟩🟩⬛️,,🟩🟨⬛,,29412.0,,🟩🟨⬛️,,🟩⬛⬛,
2025-05-30,729,5,,,,30138.0,,⬛️⬛️⬛️,,🟨⬛️⬛️,,29412.0,,⬛️⬛️⬛️,,⬛️⬛️⬛️,
2025-06-02,732,1,,,,32917.0,,🟩🟩🟨,,🟩🟩🟨,,,,,,,
2025-06-02,732,2,,,,32917.0,,🟩⬛️⬛️,,🟩🟩🟨,,,,,,,
2025-06-02,732,3,,,,32917.0,,🟩🟨⬛️,,⬛️⬛️⬛️,,,,,,,
2025-06-02,732,4,,,,32917.0,,🟩🟩🟨,,⬛️⬛️⬛️,,,,,,,
2025-06-02,732,5,,,,32917.0,,🟩🟩⬛️,,⬛️⬛️⬛️,,,,,,,
2025-06-03,733,1,,,,44011.0,,🟩🟩⬛️,,🟩🟩🟩,,41875.0,,🟨⬛️⬛️,,🟩🟨⬛,
2025-06-03,733,2,,,,44011.0,,🟩🟩🟩,,🟩🟩🟨,,41875.0,,🟩🟩🟩,,🟩🟩🟨,
2025-06-03,733,3,,,,44011.0,,🟩⬛️⬛️,,🟩⬛⬛,,41875.0,,🟩⬛️⬛️,,🟩🟩🟨,
2025-06-03,733,4,,,,44011.0,,🟩🟩🟩,,🟩🟨⬛,,41875.0,,🟩⬛️⬛️,,🟩⬛⬛,
2025-06-03,733,5,,,,44011.0,,🟩🟩🟨,,🟩🟩🟩,,41875.0,,🟩🟩🟨,,🟩🟩🟩,
2025-06-05,735,1,,,,39488.0,,🟩🟩🟨,,🟩🟩🟨,,,,,,,
2025-06-05,735,2,,,,39488.0,,🟩🟩🟨,,🟨⬛️⬛️,,,,,,,
2025-06-05,735,3,,,,39488.0,,🟩🟩🟨,,🟩🟩🟨,,,,,,,
2025-06-05,735,4,,,,39488.0,,🟩🟩🟨,,🟩🟩⬛,,,,,,,
2025-06-05,735,5,,,,39488.0,,🟩🟩🟨,,⬛️⬛️⬛️,,,,,,,
2025-06-06,736,1,,,,46318.0,,🟩🟩🟨,,🟩🟩🟩,,,,,,,
2025-06-06,736,2,,,,46318.0,,🟩🟨⬛️,,🟩🟩🟨,,,,,,,
2025-06-06,736,3,,,,46318.0,,🟩🟩🟨,,🟩🟩🟨,,,,,,,
2025-06-06,736,4,,,,46318.0,,🟩⬛️⬛️,,🟩🟨⬛,,,,,,,
2025-06-06,736,5,,,,46318.0,,🟩🟩🟩,,🟩🟩🟨,,,,,,,
2025-06-10,740,1,,,,31963.0,,🟩🟩🟨,,🟩⬛⬛,,26870.0,,🟩🟩🟨,,🟩🟨⬛,
2025-06-10,740,2,,,,31963.0,,🟨⬛️⬛️,,⬛️⬛️⬛️,,26870.0,,🟨⬛️⬛️,,⬛️⬛️⬛️,
2025-06-10,740,3,,,,31963.0,,🟩🟩🟨,,🟩⬛⬛,,26870.0,,🟩🟩🟩,,🟩⬛⬛,
2025-06-10,740,4,,,,31963.0,,🟩🟩⬛️,,🟩⬛⬛,,26870.0,,🟩⬛️⬛️,,⬛️⬛️⬛️,
2025-06-10,740,5,,,,31963.0,,🟩🟩🟨,,🟩🟨⬛,,26870.0,,🟩🟩🟨,,⬛️⬛️⬛️,
2025-06-13,743,1,,,,42375.0,,🟩🟩🟩,,🟩🟩🟩,,41205.0,,🟩⬛️⬛️,,🟩🟩🟨,
2025-06-13,743,2,,,,42375.0,,🟩🟩🟨,,🟩🟩🟩,,41205.0,,🟩🟩🟨,,🟩🟩🟩,
2025-06-13,743,3,,,,42375.0,,🟩🟩🟨,,🟩🟨⬛,,41205.0,,⬛️⬛️⬛️,,🟩🟩🟨,
2025-06-13,743,4,,,,42375.0,,🟩🟩🟨,,🟩🟩🟨,,41205.0,,🟩🟩🟨,,🟩🟩⬛,
2025-06-13,743,5,,,,42375.0,,🟩🟨⬛️,,⬛️⬛️⬛️,,41205.0,,🟩🟨⬛️,,🟩🟨⬛,
2025-06-17,747,1,,,,37545.0,,🟩🟩🟨,,🟩🟩🟨,,32252.0,,🟩🟩🟨,,🟩⬛⬛,
2025-06-17,747,2,,,,37545.0,,🟩⬛️⬛️,,🟩⬛⬛,,32252.0,,🟩⬛️⬛️,,🟨⬛️⬛️,
2025-06-17,747,3,,,,37545.0,,🟩⬛️⬛️,,🟩⬛⬛,,32252.0,,🟩🟩🟨,,🟩⬛⬛,
2025-06-17,747,4,,,,37545.0,,🟨⬛️⬛️,,🟩🟨⬛,,32252.0,,🟨⬛️⬛️,,🟩⬛⬛,
2025-06-17,747,5,,,,37545.0,,🟩⬛️⬛️,,🟩🟩🟨,,32252.0,,🟩⬛️⬛️,,🟩🟨⬛,
2025-06-18,748,1,,,,28773.0,,🟨⬛️⬛️,,🟩🟨⬛,,,,,,,
2025-06-18,748,2,,,,28773.0,,🟩🟨⬛️,,🟩🟨⬛,,,,,,,
2025-06-18,748,3,,,,28773.0,,🟩🟩🟨,,⬛️⬛️⬛️,,,,,,,
2025-06-18,748,4,,,,28773.0,,🟩🟩🟨,,⬛️⬛️⬛️,,,,,,,
2025-06-18,748,5,,,,28773.0,,🟩🟩🟨,,⬛️⬛️⬛️,,,,,,,
2025-07-14,774,1,,,,45520.0,,🟩🟩🟩,,🟩🟩🟨,,35944.0,,⬛️⬛️⬛️,,🟩🟩🟨,
2025-07-14,774,2,,,,45520.0,,🟩⬛️⬛️,,🟩🟨⬛,,35944.0,,🟩⬛️⬛️,,🟩🟨⬛,
2025-07-14,774,3,,,,45520.0,,🟩🟩🟨,,🟩🟩🟨,,35944.0,,🟩🟩🟨,,🟩🟩🟨,
2025-07-14,774,4,,,,45520.0,,🟩🟩🟨,,🟩🟨⬛,,35944.0,,🟩🟩🟨,,⬛️⬛️⬛️,
2025-07-14,774,5,,,,45520.0,,🟩🟩🟨,,🟩🟩🟨,,35944.0,,🟩⬛️⬛️,,🟩🟩🟩,
2025-07-15,775,1,,,,37339.0,,🟩🟩🟨,,🟩⬛⬛,,27789.0,,🟩🟩🟨,,🟩⬛⬛,
2025-07-15,775,2,,,,37339.0,,🟩⬛️⬛️,,🟩🟩⬛,,27789.0,,⬛️⬛️⬛️,,🟩🟨⬛,
2025-07-15,775,3,,,,37339.0,,🟩🟩⬛️,,🟩🟩🟨,,27789.0,,🟩🟩🟨,,🟩⬛⬛,
2025-07-15,775,4,,,,37339.0,,🟩🟩🟨,,🟩⬛⬛,,27789.0,,⬛️⬛️⬛️,,🟩⬛⬛,
2025-07-15,775,5,,,,37339.0,,🟩🟩🟩,,⬛️⬛️⬛️,,27789.0,,🟩🟩🟨,,⬛️⬛️⬛️,
2025-07-16,776,1,,,,35602.0,,⬛️⬛️⬛️,,🟩🟨⬛,,40918.0,,🟩⬛️⬛️,,🟩🟩🟨,
2025-07-16,776,2,,,,35602.0,,🟩🟩🟨,,🟩⬛⬛,,40918.0,,🟩🟩🟨,,🟩⬛⬛,
2025-07-16,776,3,,,,35602.0,,🟩🟩🟨,,🟩⬛⬛,,40918.0,,🟩🟩🟨,,🟩⬛⬛,
2025-07-16,776,4,,,,35602.0,,🟩🟩⬛️,,🟩🟨⬛,,40918.0,,🟨⬛️⬛️,,🟩🟩🟨,
2025-07-16,776,5,,,,35602.0,,🟩🟩⬛️,,🟩🟩🟩,,40918.0,,🟩🟩⬛️,,🟩🟩🟩,
2025-07-17,777,1,,,,30734.0,,🟩🟨⬛️,,🟩🟩🟨,,,,,,,
2025-07-17,777,2,,,,30734.0,,🟩🟩🟨,,⬛️⬛️⬛️,,,,,,,
2025-07-17,777,3,,,,30734.0,,🟩⬛️⬛️,,🟩⬛⬛,,,,,,,
2025-07-17,777,4,,,,30734.0,,⬛️⬛️⬛️,,🟩🟨⬛,,,,,,,
2025-07-17,777,5,,,,30734.0,,🟩🟨⬛️,,🟩🟨⬛,,,,,,,
2025-07-21,781,1,,,,35703.0,,🟩🟩🟩,,🟩🟩🟨,,34751.0,,🟩🟩🟩,,🟩🟨⬛,
2025-07-21,781,2,,,,35703.0,,🟩⬛️⬛️,,🟩⬛⬛,,34751.0,,🟩🟨⬛️,,⬛️⬛️⬛️,
2025-07-21,781,3,,,,35703.0,,🟩🟩🟨,,🟩⬛⬛,,34751.0,,🟩🟩🟨,,🟩⬛⬛,
2025-07-21,781,4,,,,35703.0,,🟨⬛️⬛️,,⬛️⬛️⬛️,,34751.0,,⬛️⬛️⬛️,,🟩🟩⬛,
2025-07-21,781,5,,,,35703.0,,🟩🟩🟩,,🟩🟩🟨,,34751.0,,🟩🟩🟩,,🟩🟩🟩,
2025-07-23,783,1,,,,41050.0,,🟩⬛️⬛️,,🟩🟨⬛,,33182.0,,🟩⬛️⬛️,,🟩⬛⬛,
2025-07-23,783,2,,,,41050.0,,🟩🟩🟨,,🟩🟨⬛,,33182.0,,🟨⬛️⬛️,,🟩⬛⬛,
2025-07-23,783,3,,,,41050.0,,🟩⬛️⬛️,,🟩🟨⬛,,33182.0,,🟩🟩🟨,,🟨⬛️⬛️,
2025-07-23,783,4,,,,41050.0,,🟩🟩🟨,,🟩🟩🟨,,33182.0,,🟩🟩🟨,,🟩🟨⬛,
2025-07-23,783,5,,,,41050.0,,🟩🟩🟨,,🟩⬛⬛,,33182.0,,🟩🟩🟨,,🟩⬛⬛,
2025-07-24,784,1,,,,43266.0,,🟩🟩🟨,,🟩🟩🟩,,36463.0,,🟩🟩🟨,,🟩🟩🟨,
2025-07-24,784,2,,,,43266.0,,🟩🟩🟨,,🟩🟩🟨,,36463.0,,🟩🟩🟨,,🟩🟨⬛,
2025-07-24,784,3,,,,43266.0,,🟩⬛️⬛️,,🟨⬛️⬛️,,36463.0,,🟩⬛️⬛️,,🟩⬛⬛,
2025-07-24,784,4,,,,43266.0,,🟩🟩🟨,,🟩🟩🟨,,36463.0,,🟩⬛️⬛️,,🟩🟩⬛,
2025-07-24,784,5,,,,43266.0,,🟩⬛️⬛️,,🟩🟩🟩,,36463.0,,🟩⬛️⬛️,,⬛️⬛️⬛️,
2025-07-28,788,1,,,,42307.0,,🟩🟩🟩,,🟩🟩🟨,,,,,,,
2025-07-28,788,2,,,,42307.0,,🟩⬛️⬛️,,🟩⬛⬛,,,,,,,
2025-07-28,788,3,,,,42307.0,,🟩🟩🟨,,🟩⬛⬛,,,,,,,
2025-07-28,788,4,,,,42307.0,,🟩🟩🟨,,🟩🟩🟩,,,,,,,
2025-07-28,788,5,,,,42307.0,,🟩🟩🟨,,🟩🟩⬛,,,,,,,
2025-07-29,789,1,,,,37749.0,,🟩🟩🟩,,🟩🟩🟩,,,,,,,
2025-07-29,789,2,,,,37749.0,,🟩🟩🟨,,🟩🟩🟩,,,,,,,
2025-07-29,789,3,,,,37749.0,,🟩🟩🟨,,⬛️⬛️⬛️,,,,,,,
2025-07-29,789,4,,,,37749.0,,🟩🟩🟨,,🟩⬛⬛,,,,,,,
2025-07-29,789,5,,,,37749.0,,🟨⬛️⬛️,,🟩⬛⬛,,,,,,,
2025-07-30,790,1,,,,38760.0,,🟩🟩🟨,,🟩🟨⬛,,36297.0,,🟩🟩🟨,,🟩⬛⬛,
2025-07-30,790,2,,,,38760.0,,🟩🟩🟨,,🟩🟨⬛,,36297.0,,🟩🟩🟨,,🟨⬛️⬛️,
2025-07-30,790,3,,,,38760.0,,🟩🟩🟨,,🟩⬛⬛,,36297.0,,🟩🟩🟨,,🟩⬛⬛,
2025-07-30,790,4,,,,38760.0,,🟩🟩⬛️,,🟩⬛⬛,,36297.0,,🟩⬛️⬛️,,🟩⬛⬛,
2025-07-30,790,5,,,,38760.0,,🟩🟩🟨,,🟩⬛⬛,,36297.0,,🟩🟩🟨,,🟩🟩⬛,
2025-07-31,791,1,,,,37691.0,,🟩⬛️⬛️,,⬛️⬛️⬛️,,,,,,,
2025-07-31,791,2,,,,37691.0,,🟩🟩🟨,,🟩🟨⬛,,,,,,,
2025-07-31,791,3,,,,37691.0,,🟩🟩🟨,,🟩⬛⬛,,,,,,,
2025-07-31,791,4,,,,37691.0,,🟩⬛️⬛️,,🟩🟨⬛,,,,,,,
2025-07-31,791,5,,,,37691.0,,🟩🟩🟩,,🟩🟩🟨,,,,,,,
2025-08-04,795,1,,,,43943.0,,🟩🟩🟨,,🟩🟩🟩,,43787.0,,🟩🟩🟨,,🟩🟩🟩,
2025-08-04,795,2,,,,43943.0,,🟩⬛️⬛️,,🟩⬛⬛,,43787.0,,🟩⬛️⬛️,,🟩🟩🟨,
2025-08-04,795,3,,,,43943.0,,🟩🟩🟨,,🟩🟩⬛,,43787.0,,🟩🟩🟨,,🟩🟨⬛,
2025-08-04,795,4,,,,43943.0,,🟩🟩🟩,,🟩🟩⬛,,43787.0,,🟩🟩🟨,,🟩⬛⬛,
2025-08-04,795,5,,,,43943.0,,🟩🟩🟨,,🟩🟨⬛,,43787.0,,🟩🟩🟨,,🟩🟩⬛,
2025-08-05,796,1,,,,39153.0,,🟩🟩⬛️,,⬛️⬛️⬛️,,,,,,,
2025-08-05,796,2,,,,39153.0,,🟩🟩🟨,,🟩🟩⬛,,,,,,,
2025-08-05,796,3,,,,39153.0,,🟩🟩🟨,,🟩🟩⬛,,,,,,,
2025-08-05,796,4,,,,39153.0,,🟩⬛️⬛️,,🟩⬛⬛,,,,,,,
2025-08-05,796,5,,,,39153.0,,🟩🟩🟨,,🟩🟩🟨,,,,,,,
2025-08-06,797,1,,,,40072.0,,🟩⬛️⬛️,,🟩⬛⬛,,,,,,,
2025-08-06,797,2,,,,40072.0,,🟩🟩🟨,,🟨⬛️⬛️,,,,,,,
2025-08-06,797,3,,,,40072.0,,🟩🟩🟨,,🟩🟩🟩,,,,,,,
2025-08-06,797,4,,,,40072.0,,🟩🟩🟨,,🟩🟨⬛,,,,,,,
2025-08-06,797,5,,,,40072.0,,🟩🟩🟨,,🟩🟩⬛,,,,,,,
2025-08-07,798,1,,,,39232.0,,🟩🟩🟩,,🟩🟩🟩,,40334.0,,🟩🟩🟩,,🟩🟩🟨,
2025-08-07,798,2,,,,39232.0,,🟩🟩🟨,,🟩🟨⬛,,40334.0,,🟩🟩🟨,,🟩⬛⬛,
2025-08-07,798,3,,,,39232.0,,🟩🟩🟨,,🟩⬛⬛,,40334.0,,🟩⬛️⬛️,,🟩⬛⬛,
2025-08-07,798,4,,,,39232.0,,🟩🟩🟨,,🟨⬛️⬛️,,40334.0,,🟩🟩🟨,,🟩🟨⬛,
2025-08-07,798,5,,,,39232.0,,🟩🟩🟨,,🟩⬛⬛,,40334.0,,🟩🟩🟨,,🟩🟨⬛,
2025-08-08,799,1,,,,44307.0,,🟩🟩🟨,,🟩⬛⬛,,40790.0,,⬛️⬛️⬛️,,🟩🟩⬛,
2025-08-08,799,2,,,,44307.0,,🟩⬛️⬛️,,🟩🟩🟨,,40790.0,,🟩⬛️⬛️,,🟩🟩🟨,
2025-08-08,799,3,,,,44307.0,,🟩🟩🟨,,🟩🟩🟨,,40790.0,,⬛️⬛️⬛️,,🟩🟩🟩,
2025-08-08,799,4,,,,44307.0,,🟩🟩🟨,,🟩🟨⬛,,40790.0,,🟩🟩🟨,,🟩🟩⬛,
2025-08-08,799,5,,,,44307.0,,🟩🟩🟨,,🟩🟩🟨,,40790.0,,🟩🟩🟨,,🟩🟩⬛,
2025-08-11,802,1,,,,48360.0,,🟩🟩🟩,,🟩🟩🟨,,38391.0,,🟩🟩🟨,,🟩🟩🟨,
2025-08-11,802,2,,,,48360.0,,🟩🟩🟨,,🟩🟩🟩,,38391.0,,🟩🟩🟨,,🟩⬛⬛,
2025-08-11,802,3,,,,48360.0,,🟩🟩🟨,,🟩🟩🟨,,38391.0,,🟨⬛️⬛️,,🟩🟨⬛,
2025-08-11,802,4,,,,48360.0,,🟩🟩🟨,,🟩🟩🟨,,38391.0,,🟩🟩🟨,,🟩🟩🟩,
2025-08-11,802,5,,,,48360.0,,🟩🟩🟨,,🟩🟨⬛,,38391.0,,🟩🟩🟨,,⬛️⬛️⬛️,
2025-08-12,803,1,,,,47202.0,,🟩🟩⬛️,,🟩🟩⬛,,37662.0,,🟩🟩🟨,,🟩🟩🟩,
2025-08-12,803,2,,,,47202.0,,🟩🟩🟨,,🟩🟩🟩,,37662.0,,🟩⬛️⬛️,,🟩🟩🟩,
2025-08-12,803,3,,,,47202.0,,🟩🟩🟨,,🟩🟩🟨,,37662.0,,⬛️⬛️⬛️,,🟩🟩🟨,
2025-08-12,803,4,,,,47202.0,,🟩🟩🟨,,🟩🟩🟨,,37662.0,,🟩⬛️⬛️,,🟩🟩🟨,
2025-08-12,803,5,,,,47202.0,,🟩🟩🟨,,🟩🟨⬛,,37662.0,,🟩🟩⬛️,,⬛️⬛️⬛️,
2025-08-13,804,1,,,,40484.0,,🟩⬛️⬛️,,🟩🟩🟨,,44463.0,,🟩🟩🟩,,🟩🟩⬛,
2025-08-13,804,2,,,,40484.0,,🟩🟩🟨,,🟩🟩🟩,,44463.0,,🟩🟩🟩,,🟩🟩🟩,
2025-08-13,804,3,,,,40484.0,,🟩🟩🟨,,⬛️⬛️⬛️,,44463.0,,🟩🟩🟨,,🟩🟩⬛,
2025-08-13,804,4,,,,40484.0,,🟩🟩🟩,,🟩⬛⬛,,44463.0,,🟩🟩🟩,,🟩⬛⬛,
2025-08-13,804,5,,,,40484.0,,🟩🟩⬛️,,🟩🟩🟩,,44463.0,,🟩🟨⬛️,,🟩🟩⬛,
2025-08-14,805,1,,,,31547.0,,🟩🟨⬛️,,🟩⬛⬛,,33849.0,,🟩🟨⬛️,,⬛️⬛️⬛️,
2025-08-14,805,2,,,,31547.0,,🟩🟩🟨,,🟩🟨⬛,,33849.0,,🟩⬛️⬛️,,🟩🟩⬛,
2025-08-14,805,3,,,,31547.0,,🟩🟩🟨,,🟩⬛⬛,,33849.0,,🟩⬛️⬛️,,🟩🟩🟨,
2025-08-14,805,4,,,,31547.0,,🟩🟩🟨,,🟨⬛️⬛️,,33849.0,,🟩🟩🟨,,🟩🟩⬛,
2025-08-14,805,5,,,,31547.0,,⬛️⬛️⬛️,,🟩🟨⬛,,33849.0,,⬛️⬛️⬛️,,🟩⬛⬛,
2025-08-15,806,1,,,,45451.0,,🟩🟩🟨,,🟩🟩⬛,,38448.0,,🟩🟩🟨,,🟩🟩⬛,
2025-08-15,806,2,,,,45451.0,,🟩🟩🟨,,🟩🟩🟨,,38448.0,,🟩🟩🟨,,🟩⬛⬛,
2025-08-15,806,3,,,,45451.0,,🟩🟩🟨,,🟩⬛⬛,,38448.0,,🟩🟩🟨,,🟩⬛⬛,
2025-08-15,806,4,,,,45451.0,,🟩🟩🟨,,🟩🟩🟨,,38448.0,,🟩🟩🟨,,🟩⬛⬛,
2025-08-15,806,5,,,,45451.0,,🟩🟩🟨,,🟩🟩⬛,,38448.0,,🟩🟩🟩,,🟩⬛⬛,
2025-08-19,810,1,,,,33625.0,,🟩🟩🟨,,🟩🟩🟩,,36696.0,,🟩🟩🟨,,🟩⬛⬛,
2025-08-19,810,2,,,,33625.0,,🟩🟨⬛️,,🟩⬛⬛,,36696.0,,🟨⬛️⬛️,,🟩🟩🟨,
2025-08-19,810,3,,,,33625.0,,🟩🟩🟨,,⬛️⬛️⬛️,,36696.0,,🟩🟩🟨,,🟩⬛⬛,
2025-08-19,810,4,,,,33625.0,,⬛️⬛️⬛️,,🟩🟩🟩,,36696.0,,🟩🟩🟨,,🟩⬛⬛,
2025-08-19,810,5,,,,33625.0,,⬛️⬛️⬛️,,🟩🟩🟨,,36696.0,,🟨⬛️⬛️,,🟩🟩⬛,
2025-08-20,811,1,,,,45178.0,,🟩🟩🟨,,🟩🟩⬛,,36938.0,,🟩🟩🟨,,⬛️⬛️⬛️,
2025-08-20,811,2,,,,45178.0,,🟩🟩🟨,,🟩🟩🟨,,36938.0,,🟩🟩🟨,,🟩⬛⬛,
2025-08-20,811,3,,,,45178.0,,🟩🟩🟨,,🟩⬛⬛,,36938.0,,🟩🟩🟨,,🟩🟩⬛,
2025-08-20,811,4,,,,45178.0,,🟩⬛️⬛️,,🟩🟩⬛,,36938.0,,🟩🟨⬛️,,🟩🟨⬛,
2025-08-20,811,5,,,,45178.0,,🟩🟩🟩,,🟩🟩🟨,,36938.0,,🟩🟩🟩,,🟩⬛⬛,
2025-08-26,817,1,,,,40396.0,,🟩🟩🟨,,🟩🟩🟨,,41463.0,,🟩🟩🟨,,🟩🟩⬛,
2025-08-26,817,2,,,,40396.0,,🟩⬛️⬛️,,⬛️⬛️⬛️,,41463.0,,🟩⬛️⬛️,,🟩🟩🟨,
2025-08-26,817,3,,,,40396.0,,🟩🟩🟨,,🟩🟩🟩,,41463.0,,🟨⬛️⬛️,,🟩🟩🟩,
2025-08-26,817,4,,,,40396.0,,🟩🟨⬛️,,🟩🟨⬛,,41463.0,,🟩🟨⬛️,,🟩🟨⬛,
2025-08-26,817,5,,,,40396.0,,🟩🟩🟩,,🟩🟨⬛,,41463.0,,🟩🟩🟩,,🟩⬛⬛,
2025-08-27,818,1,,,,45153.0,,🟩🟩🟨,,🟩🟩🟩,,38707.0,,🟩🟩🟨,,🟩🟩🟨,
2025-08-27,818,2,,,,45153.0,,🟩🟩🟨,,🟩🟨⬛,,38707.0,,🟩🟩🟨,,🟩🟨⬛,
2025-08-27,818,3,,,,45153.0,,🟩🟩🟨,,🟩🟩⬛,,38707.0,,🟩🟨⬛️,,🟩⬛⬛,
2025-08-27,818,4,,,,45153.0,,🟩⬛️⬛️,,🟩🟩⬛,,38707.0,,🟩🟩🟨,,🟩⬛⬛,
2025-08-27,818,5,,,,45153.0,,🟩🟨⬛️,,🟩🟨⬛,,38707.0,,⬛️⬛️⬛️,,🟩🟩⬛,
2025-08-28,819,1,,,,34499.0,,🟩🟨⬛️,,🟩⬛⬛,,29002.0,,⬛️⬛️⬛️,,🟩🟨⬛,
2025-08-28,819,2,,,,34499.0,,🟩🟩🟨,,🟩🟩🟨,,29002.0,,🟩🟩🟨,,🟩🟩🟨,
2025-08-28,819,3,,,,34499.0,,🟩🟩🟨,,🟩🟩🟨,,29002.0,,⬛️⬛️⬛️,,🟩⬛⬛,
2025-08-28,819,4,,,,34499.0,,⬛️⬛️⬛️,,🟩⬛⬛,,29002.0,,⬛️⬛️⬛️,,🟩⬛⬛,
2025-08-28,819,5,,,,34499.0,,🟩⬛️⬛️,,⬛️⬛️⬛️,,29002.0,,🟨⬛️⬛️,,🟩🟩⬛,
2025-08-29,820,1,,,,41071.0,,🟩🟩🟨,,🟩🟩🟩,,45579.0,,🟩🟩🟨,,🟩🟩🟩,
2025-08-29,820,2,,,,41071.0,,🟩🟩🟨,,🟩🟩🟨,,45579.0,,🟩🟩🟨,,🟩🟩🟨,
2025-08-29,820,3,,,,41071.0,,🟩🟩🟨,,🟩⬛⬛,,45579.0,,🟩🟩🟨,,🟩🟨⬛,
2025-08-29,820,4,,,,41071.0,,🟩🟨⬛️,,🟩⬛⬛,,45579.0,,🟩🟨⬛️,,🟩🟩🟨,
2025-08-29,820,5,,,,41071.0,,🟩🟩🟩,,🟩⬛⬛,,45579.0,,🟩🟩🟨,,🟩🟨⬛,
2025-09-03,825,1,,,,42099.0,,🟩🟩🟨,,🟩🟨⬛,,42833.0,,🟩🟩🟨,,🟩🟩🟩,
2025-09-03,825,2,,,,42099.0,,🟩⬛️⬛️,,🟩🟨⬛,,42833.0,,🟩🟩🟨,,🟩🟩⬛,
2025-09-03,825,3,,,,42099.0,,🟩🟩🟨,,🟩🟩🟨,,42833.0,,🟩🟩🟨,,🟩🟨⬛,
2025-09-03,825,4,,,,42099.0,,🟩🟩🟨,,🟩⬛⬛,,42833.0,,🟩🟩🟨,,🟩🟩⬛,
2025-09-03,825,5,,,,42099.0,,🟩🟩🟨,,🟩🟨⬛,,42833.0,,🟩⬛️⬛️,,🟩⬛⬛,
2025-09-04,826,1,,,,40807.0,,🟩🟩⬛️,,🟩🟩🟨,,,,,,,
2025-09-04,826,2,,,,40807.0,,🟩⬛️⬛️,,🟩🟨⬛,,,,,,,
2025-09-04,826,3,,,,40807.0,,🟩🟩🟨,,🟩🟩⬛,,,,,,,
2025-09-04,826,4,,,,40807.0,,🟩🟩🟨,,🟩🟨⬛,,,,,,,
2025-09-04,826,5,,,,40807.0,,🟩🟩🟨,,🟨⬛️⬛️,,,,,,,
2025-09-05,827,1,,,,37575.0,,🟩🟨⬛️,,🟩⬛⬛,,33235.0,,🟩🟩🟨,,🟩⬛⬛,
2025-09-05,827,2,,,,37575.0,,🟩🟩🟨,,🟩🟩⬛,,33235.0,,🟩🟩🟨,,🟩🟩⬛,
2025-09-05,827,3,,,,37575.0,,🟨⬛️⬛️,,🟩🟩🟩,,33235.0,,🟨⬛️⬛️,,🟩🟨⬛,
2025-09-05,827,4,,,,37575.0,,🟩🟩🟨,,🟩🟩⬛,,33235.0,,⬛️⬛️⬛️,,🟩⬛⬛,
2025-09-05,827,5,,,,37575.0,,🟩⬛️⬛️,,⬛️⬛️⬛️,,33235.0,,🟩⬛️⬛️,,🟩🟨⬛,
2025-09-08,830,1,,,,42175.0,,🟩🟨⬛️,,🟩🟩🟨,,25016.0,,⬛️⬛️⬛️,,🟨⬛️⬛️,
2025-09-08,830,2,,,,42175.0,,🟨⬛️⬛️,,🟩🟨⬛,,25016.0,,⬛️⬛️⬛️,,🟩🟨⬛,
2025-09-08,830,3,,,,42175.0,,🟩🟩🟨,,🟩⬛⬛,,25016.0,,🟩🟩🟨,,🟨⬛️⬛️,
2025-09-08,830,4,,,,42175.0,,🟩🟩🟨,,🟩🟩🟨,,25016.0,,🟩🟩🟨,,🟩🟨⬛,
2025-09-08,830,5,,,,42175.0,,🟩🟨⬛️,,🟩🟩🟩,,25016.0,,🟩⬛️⬛️,,⬛️⬛️⬛️,
2025-09-09,831,1,,,,39206.0,,🟩⬛️⬛️,,🟩🟩🟨,,,,,,,
2025-09-09,831,2,,,,39206.0,,🟩🟩🟨,,🟩⬛⬛,,,,,,,
2025-09-09,831,3,,,,39206.0,,🟩🟩🟨,,🟩🟨⬛,,,,,,,
2025-09-09,831,4,,,,39206.0,,⬛️⬛️⬛️,,🟩🟩🟨,,,,,,,
2025-09-09,831,5,,,,39206.0,,🟩🟩🟨,,🟩🟩🟩,,,,,,,
2025-09-10,832,1,,,,36536.0,,🟩🟩🟨,,🟩⬛⬛,,39192.0,,🟩🟩🟨,,🟩🟩🟨,
2025-09-10,832,2,,,,36536.0,,🟨⬛️⬛️,,🟩🟩🟩,,39192.0,,🟩🟩🟨,,🟩🟩🟩,
2025-09-10,832,3,,,,36536.0,,🟩⬛️⬛️,,🟩🟨⬛,,39192.0,,🟩⬛️⬛️,,⬛️⬛️⬛️,
2025-09-10,832,4,,,,36536.0,,🟩⬛️⬛️,,🟩⬛⬛,,39192.0,,🟩🟨⬛️,,🟨⬛️⬛️,
2025-09-10,832,5,,,,36536.0,,🟩🟩🟩,,🟩🟨⬛,,39192.0,,🟩🟩🟨,,🟩🟩🟨,
2025-09-11,833,1,,,,43049.0,,🟩🟩🟨,,🟩🟩🟩,,,,,,,
2025-09-11,833,2,,,,43049.0,,🟩🟩🟨,,🟩🟨⬛,,,,,,,
2025-09-11,833,3,,,,43049.0,,🟩🟩🟩,,🟩🟨⬛,,,,,,,
2025-09-11,833,4,,,,43049.0,,🟩🟩🟨,,🟩⬛⬛,,,,,,,
2025-09-11,833,5,,,,43049.0,,🟩🟩🟨,,🟩🟨⬛,,,,,,,
2025-09-12,834,1,,,,35407.0,,🟩🟩🟩,,🟩⬛⬛,,37892.0,,🟩🟩🟨,,🟩⬛⬛,
2025-09-12,834,2,,,,35407.0,,🟩🟩🟨,,🟩🟨⬛,,37892.0,,🟨⬛️⬛️,,🟩🟩⬛,
2025-09-12,834,3,,,,35407.0,,🟩🟩🟨,,🟨⬛️⬛️,,37892.0,,🟩🟩🟨,,🟩🟨⬛,
2025-09-12,834,4,,,,35407.0,,🟩🟩🟨,,🟩⬛⬛,,37892.0,,🟩🟩🟨,,🟩🟨⬛,
2025-09-12,834,5,,,,35407.0,,🟩🟩⬛️,,🟩⬛⬛,,37892.0,,🟩⬛️⬛️,,🟩⬛⬛,
2025-09-15,837,1,,,,45488.0,,🟩🟩🟨,,🟩🟩🟨,,44976.0,,🟩🟩🟨,,🟩🟩🟨,
2025-09-15,837,2,,,,45488.0,,🟩🟨⬛️,,🟩⬛⬛,,44976.0,,🟩🟨⬛️,,🟩⬛⬛,
2025-09-15,837,3,,,,45488.0,,🟩🟩🟨,,🟩🟩🟨,,44976.0,,🟩🟩🟨,,🟩🟩🟨,
2025-09-15,837,4,,,,45488.0,,🟩🟨⬛️,,🟩🟩🟩,,44976.0,,🟩⬛️⬛️,,🟩🟩🟨,
2025-09-15,837,5,,,,45488.0,,🟩🟩🟨,,🟩🟩🟨,,44976.0,,🟩🟩🟨,,🟩🟩🟨,
2025-09-16,838,1,,,,47263.0,,🟩🟩🟨,,🟩🟩🟩,,37010.0,,🟩🟩🟨,,🟩🟩🟩,
2025-09-16,838,2,,,,47263.0,,🟩🟩🟨,,🟩🟨⬛,,37010.0,,🟩🟩🟨,,🟩⬛⬛,
2025-09-16,838,3,,,,47263.0,,🟩🟩🟩,,🟩🟩🟩,,37010.0,,⬛️⬛️⬛️,,🟩🟩⬛,
2025-09-16,838,4,,,,47263.0,,🟩🟩🟨,,🟩🟨⬛,,37010.0,,🟩🟩🟨,,🟩⬛⬛,
2025-09-16,838,5,,,,47263.0,,🟩🟩🟨,,🟩🟩⬛,,37010.0,,🟩🟩🟨,,🟩⬛⬛,
2025-09-17,839,1,,,,39046.0,,🟩🟩🟨,,🟩🟩🟩,,40822.0,,🟩🟩🟨,,🟩🟨⬛,
2025-09-17,839,2,,,,39046.0,,🟩🟨⬛️,,🟨⬛️⬛️,,40822.0,,🟩🟨⬛️,,🟩🟨⬛,
2025-09-17,839,3,,,,39046.0,,🟩🟩🟨,,🟩⬛⬛,,40822.0,,🟩🟩🟨,,🟩⬛⬛,
2025-09-17,839,4,,,,39046.0,,🟩⬛️⬛️,,🟩⬛⬛,,40822.0,,🟩🟩🟨,,🟩⬛⬛,
2025-09-17,839,5,,,,39046.0,,🟩🟩🟨,,🟩🟩🟩,,40822.0,,🟩🟩🟨,,🟩🟩⬛,
2025-09-18,840,1,,,,43535.0,,🟩🟩🟨,,🟩🟩🟩,,,,,,,
2025-09-18,840,2,,,,43535.0,,⬛️⬛️⬛️,,🟩🟩🟨,,,,,,,
2025-09-18,840,3,,,,43535.0,,🟩🟩🟨,,🟩🟩🟨,,,,,,,
2025-09-18,840,4,,,,43535.0,,🟩🟩⬛️,,🟩🟩⬛,,,,,,,
2025-09-18,840,5,,,,43535.0,,🟩⬛️⬛️,,🟩🟨⬛,,,,,,,
2025-09-19,841,1,,,,46562.0,,🟩🟩🟨,,🟩🟩🟩,,40955.0,,🟩🟩🟩,,🟩🟩🟩,
2025-09-19,841,2,,,,46562.0,,🟩🟩🟨,,🟩🟨⬛,,40955.0,,🟩🟩🟨,,🟩⬛⬛,
2025-09-19,841,3,,,,46562.0,,🟩🟩🟩,,🟩🟨⬛,,40955.0,,🟩🟩🟨,,🟩🟩🟨,
2025-09-19,841,4,,,,46562.0,,🟩🟩🟨,,🟩🟩🟨,,40955.0,,🟩🟩🟨,,⬛️⬛️⬛️,
2025-09-19,841,5,,,,46562.0,,🟩🟩🟨,,🟩🟩🟩,,40955.0,,🟩⬛️⬛️,,🟩🟩🟩,
2025-09-22,844,1,,,,42277.0,,🟩🟩🟨,,🟩🟩🟩,,47145.0,,🟩🟩🟨,,🟩🟩🟩,
2025-09-22,844,2,,,,42277.0,,⬛️⬛️⬛️,,🟩🟨⬛,,47145.0,,🟩🟩🟨,,🟩🟩⬛,
2025-09-22,844,3,,,,42277.0,,🟩🟩🟨,,🟩🟩⬛,,47145.0,,🟩🟩🟨,,🟩🟩⬛,
2025-09-22,844,4,,,,42277.0,,🟩🟩🟨,,🟩🟩🟩,,47145.0,,🟩🟩🟨,,🟩🟨⬛,
2025-09-22,844,5,,,,42277.0,,🟩🟩🟨,,🟩🟩⬛,,47145.0,,🟩🟩🟨,,🟩🟩⬛,
2025-09-24,846,1,,,,,,,,,,39400.0,,🟩🟨⬛️,,🟩🟩🟩,
2025-09-24,846,2,,,,,,,,,,39400.0,,🟩🟩🟨,,🟩🟩⬛,
2025-09-24,846,3,,,,,,,,,,39400.0,,🟨⬛️⬛️,,🟩⬛⬛,
2025-09-24,846,4,,,,,,,,,,39400.0,,🟩🟩🟨,,🟩⬛⬛,
2025-09-24,846,5,,,,,,,,,,39400.0,,🟩🟩🟩,,🟩🟨⬛,
2025-09-25,847,1,,,,41217.0,,🟩🟩🟨,,🟩⬛⬛,,41148.0,,🟩🟩🟨,,🟩🟩🟨,
2025-09-25,847,2,,,,41217.0,,🟩🟨⬛️,,🟩⬛⬛,,41148.0,,🟩⬛️⬛️,,🟩⬛⬛,
2025-09-25,847,3,,,,41217.0,,🟩⬛️⬛️,,🟩🟩⬛,,41148.0,,🟩🟩🟨,,🟩🟩🟩,
2025-09-25,847,4,,,,41217.0,,🟩🟩🟨,,🟩🟩⬛,,41148.0,,⬛️⬛️⬛️,,🟩🟨⬛,
2025-09-25,847,5,,,,41217.0,,🟩🟩🟨,,🟩🟩🟨,,41148.0,,🟩🟩⬛️,,🟩🟩🟨,
2025-09-26,848,1,,,,,,,,,,36690.0,,🟩🟩🟨,,⬛️⬛️⬛️,
2025-09-26,848,2,,,,,,,,,,36690.0,,🟩🟩🟨,,🟩🟩🟩,
2025-09-26,848,3,,,,,,,,,,36690.0,,🟩🟩🟨,,🟩⬛⬛,
2025-09-26,848,4,,,,,,,,,,36690.0,,🟩🟩🟨,,🟨⬛️⬛️,
2025-09-26,848,5,,,,,,,,,,36690.0,,🟩⬛️⬛️,,🟩🟩🟨,
2025-10-02,854,1,,,,34412.0,,⬛️⬛️⬛️,,🟩⬛⬛,,22298.0,,⬛️⬛️⬛️,,🟩⬛⬛,
2025-10-02,854,2,,,,34412.0,,🟩🟩🟨,,🟩⬛⬛,,22298.0,,🟩🟩🟨,,🟨⬛️⬛️,
2025-10-02,854,3,,,,34412.0,,🟩🟩🟨,,🟩⬛⬛,,22298.0,,🟩⬛️⬛️,,🟩⬛⬛,
2025-10-02,854,4,,,,34412.0,,🟩🟨⬛️,,🟩⬛⬛,,22298.0,,⬛️⬛️⬛️,,🟨⬛️⬛️,
2025-10-02,854,5,,,,34412.0,,🟩🟩🟩,,🟩🟩⬛,,22298.0,,🟩🟩🟩,,🟩⬛⬛,
2025-10-03,855,1,,,,43135.0,,🟩🟩🟨,,🟩🟩🟨,,38666.0,,🟩🟩🟩,,🟩🟩⬛,
2025-10-03,855,2,,,,43135.0,,🟩🟩🟨,,🟩⬛⬛,,38666.0,,🟩🟩🟨,,🟩🟨⬛,
2025-10-03,855,3,,,,43135.0,,🟩⬛️⬛️,,🟩🟩🟩,,38666.0,,🟩⬛️⬛️,,🟩🟩🟩,
2025-10-03,855,4,,,,43135.0,,🟩⬛️⬛️,,🟩🟨⬛,,38666.0,,🟩⬛️⬛️,,🟩⬛⬛,
2025-10-03,855,5,,,,43135.0,,🟩🟩🟨,,🟩🟩🟨,,38666.0,,⬛️⬛️⬛️,,🟩🟩⬛,
2025-10-06,858,1,,,,42348.0,,🟩⬛️⬛️,,🟩🟩🟩,,,,,,,
2025-10-06,858,2,,,,42348.0,,🟩🟩🟨,,⬛️⬛️⬛️,,,,,,,
2025-10-06,858,3,,,,42348.0,,🟩🟩🟨,,🟩🟩🟩,,,,,,,
2025-10-06,858,4,,,,42348.0,,🟩🟩🟨,,🟩🟩🟨,,,,,,,
2025-10-06,858,5,,,,42348.0,,🟩⬛️⬛️,,🟩🟩🟨,,,,,,,
2025-10-07,859,1,,,,44315.0,,🟩🟩🟩,,🟩🟩🟩,,37360.0,,🟩🟩🟩,,🟩🟩🟩,
2025-10-07,859,2,,,,44315.0,,🟩🟩🟨,,🟩🟩⬛,,37360.0,,🟩🟩🟨,,🟩🟩⬛,
2025-10-07,859,3,,,,44315.0,,🟩⬛️⬛️,,🟩🟩🟩,,37360.0,,🟩⬛️⬛️,,🟩⬛⬛,
2025-10-07,859,4,,,,44315.0,,🟩🟩🟨,,🟩⬛⬛,,37360.0,,🟩🟩🟨,,⬛️⬛️⬛️,
2025-10-07,859,5,,,,44315.0,,🟩🟨⬛️,,🟩🟩🟨,,37360.0,,🟩🟨⬛️,,🟩⬛⬛,
2025-10-08,860,1,,,,39753.0,,🟩🟩🟨,,🟩⬛⬛,,37859.0,,🟩🟩🟨,,🟩⬛⬛,
2025-10-08,860,2,,,,39753.0,,⬛️⬛️⬛️,,🟩🟩🟩,,37859.0,,⬛️⬛️⬛️,,🟩🟩🟨,
2025-10-08,860,3,,,,39753.0,,🟩🟩🟨,,🟩🟩🟨,,37859.0,,🟩🟩🟨,,🟩⬛⬛,
2025-10-08,860,4,,,,39753.0,,🟩🟩🟨,,🟩🟩🟩,,37859.0,,🟩🟩🟨,,🟩🟩🟨,
2025-10-08,860,5,,,,39753.0,,🟩🟩⬛️,,🟩⬛⬛,,37859.0,,🟩⬛️⬛️,,🟩🟩⬛,
2025-10-09,861,1,,,,46643.0,,🟩🟩🟩,,🟩🟩🟩,,37165.0,,🟩🟩🟨,,🟩⬛⬛,
2025-10-09,861,2,,,,46643.0,,🟩🟩🟨,,🟩🟩🟨,,37165.0,,🟩⬛️⬛️,,🟩🟩⬛,
2025-10-09,861,3,,,,46643.0,,🟩🟩🟨,,🟩🟩🟨,,37165.0,,🟩🟩🟨,,⬛️⬛️⬛️,
2025-10-09,861,4,,,,46643.0,,🟩🟩🟨,,🟩⬛⬛,,37165.0,,🟩🟩🟩,,🟩🟩⬛,
2025-10-09,861,5,,,,46643.0,,🟩🟨⬛️,,🟩🟩🟨,,37165.0,,🟨⬛️⬛️,,🟩🟩🟩,
